abonent_id,segment_id
AB10001,0
AB10002,1
AB10003,3
AB10004,1
AB10005,1
AB10006,3
AB10007,1
AB10008,2
AB10009,2
AB10010,2
AB10011,1
AB10012,1
AB10013,0
AB10014,3
AB10015,3
AB10016,0
AB10017,3
AB10018,0
AB10019,2
AB10020,3
AB10021,2
AB10022,2
AB10023,0
AB10024,0
AB10025,2
AB10026,3
AB10027,3
AB10028,3
AB10029,3
AB10030,2
AB10031,0
AB10032,0
AB10033,1
AB10034,2
AB10035,1
AB10036,3
AB10037,3
AB10038,1
AB10039,2
AB10040,3
AB10041,2
AB10042,3
AB10043,1
AB10044,0
AB10045,2
AB10046,0
AB10047,3
AB10048,2
AB10049,0
AB10050,2
AB10051,0
AB10052,1
AB10053,3
AB10054,1
AB10055,3
AB10056,2
AB10057,0
AB10058,3
AB10059,1
AB10060,1
AB10061,2
AB10062,2
AB10063,3
AB10064,3
AB10065,1
AB10066,3
AB10067,0
AB10068,3
AB10069,0
AB10070,1
AB10071,2
AB10072,3
AB10073,2
AB10074,1
AB10075,1
AB10076,3
AB10077,3
AB10078,3
AB10079,2
AB10080,2
AB10081,2
AB10082,1
AB10083,1
AB10084,2
AB10085,0
AB10086,2
AB10087,2
AB10088,3
AB10089,2
AB10090,0
AB10091,3
AB10092,2
AB10093,3
AB10094,0
AB10095,1
AB10096,1
AB10097,1
AB10098,2
AB10099,3
AB10100,3
AB10101,1
AB10102,0
AB10103,1
AB10104,3
AB10105,1
AB10106,2
AB10107,2
AB10108,3
AB10109,1
AB10110,3
AB10111,1
AB10112,3
AB10113,0
AB10114,1
AB10115,3
AB10116,2
AB10117,0
AB10118,0
AB10119,3
AB10120,1
AB10121,3
AB10122,0
AB10123,3
AB10124,1
AB10125,0
AB10126,3
AB10127,0
AB10128,3
AB10129,0
AB10130,3
AB10131,0
AB10132,3
AB10133,3
AB10134,3
AB10135,2
AB10136,1
AB10137,3
AB10138,0
AB10139,1
AB10140,1
AB10141,3
AB10142,2
AB10143,2
AB10144,1
AB10145,0
AB10146,2
AB10147,2
AB10148,3
AB10149,3
AB10150,1
AB10151,1
AB10152,3
AB10153,1
AB10154,1
AB10155,3
AB10156,0
AB10157,3
AB10158,1
AB10159,3
AB10160,3
AB10161,3
AB10162,0
AB10163,1
AB10164,2
AB10165,1
AB10166,0
AB10167,3
AB10168,1
AB10169,2
AB10170,3
AB10171,3
AB10172,2
AB10173,0
AB10174,1
AB10175,2
AB10176,3
AB10177,3
AB10178,0
AB10179,3
AB10180,3
AB10181,0
AB10182,0
AB10183,3
AB10184,1
AB10185,3
AB10186,3
AB10187,1
AB10188,3
AB10189,1
AB10190,0
AB10191,2
AB10192,2
AB10193,3
AB10194,2
AB10195,3
AB10196,0
AB10197,2
AB10198,0
AB10199,2
AB10200,2
AB10201,3
AB10202,1
AB10203,3
AB10204,2
AB10205,3
AB10206,3
AB10207,3
AB10208,1
AB10209,1
AB10210,0
AB10211,2
AB10212,0
AB10213,2
AB10214,0
AB10215,3
AB10216,0
AB10217,0
AB10218,3
AB10219,0
AB10220,0
AB10221,0
AB10222,3
AB10223,1
AB10224,1
AB10225,3
AB10226,3
AB10227,2
AB10228,2
AB10229,1
AB10230,0
AB10231,0
AB10232,3
AB10233,2
AB10234,3
AB10235,0
AB10236,0
AB10237,1
AB10238,1
AB10239,2
AB10240,3
AB10241,3
AB10242,2
AB10243,2
AB10244,2
AB10245,2
AB10246,3
AB10247,0
AB10248,0
AB10249,0
AB10250,1
AB10251,1
AB10252,1
AB10253,3
AB10254,2
AB10255,3
AB10256,1
AB10257,2
AB10258,2
AB10259,2
AB10260,1
AB10261,3
AB10262,0
AB10263,3
AB10264,2
AB10265,2
AB10266,3
AB10267,3
AB10268,0
AB10269,2
AB10270,3
AB10271,1
AB10272,1
AB10273,1
AB10274,2
AB10275,1
AB10276,3
AB10277,3
AB10278,3
AB10279,3
AB10280,2
AB10281,3
AB10282,0
AB10283,0
AB10284,3
AB10285,3
AB10286,1
AB10287,3
AB10288,1
AB10289,1
AB10290,2
AB10291,0
AB10292,2
AB10293,0
AB10294,2
AB10295,2
AB10296,2
AB10297,2
AB10298,1
AB10299,2
AB10300,0
AB10301,1
AB10302,1
AB10303,3
AB10304,1
AB10305,0
AB10306,1
AB10307,3
AB10308,3
AB10309,2
AB10310,3
AB10311,3
AB10312,3
AB10313,0
AB10314,2
AB10315,3
AB10316,3
AB10317,2
AB10318,1
AB10319,3
AB10320,3
AB10321,3
AB10322,1
AB10323,0
AB10324,0
AB10325,2
AB10326,2
AB10327,0
AB10328,2
AB10329,3
AB10330,3
AB10331,2
AB10332,3
AB10333,0
AB10334,3
AB10335,0
AB10336,3
AB10337,0
AB10338,3
AB10339,3
AB10340,3
AB10341,3
AB10342,3
AB10343,3
AB10344,3
AB10345,0
AB10346,2
AB10347,2
AB10348,3
AB10349,2
AB10350,3
AB10351,1
AB10352,1
AB10353,0
AB10354,3
AB10355,0
AB10356,1
AB10357,1
AB10358,0
AB10359,3
AB10360,2
AB10361,3
AB10362,3
AB10363,1
AB10364,3
AB10365,3
AB10366,3
AB10367,1
AB10368,2
AB10369,3
AB10370,3
AB10371,3
AB10372,3
AB10373,2
AB10374,3
AB10375,2
AB10376,1
AB10377,2
AB10378,2
AB10379,0
AB10380,1
AB10381,0
AB10382,3
AB10383,0
AB10384,3
AB10385,3
AB10386,3
AB10387,3
AB10388,3
AB10389,3
AB10390,3
AB10391,2
AB10392,0
AB10393,3
AB10394,1
AB10395,3
AB10396,3
AB10397,3
AB10398,2
AB10399,0
AB10400,3
AB10401,3
AB10402,2
AB10403,3
AB10404,3
AB10405,3
AB10406,3
AB10407,3
AB10408,3
AB10409,3
AB10410,1
AB10411,0
AB10412,0
AB10413,3
AB10414,0
AB10415,0
AB10416,2
AB10417,3
AB10418,3
AB10419,3
AB10420,1
AB10421,2
AB10422,2
AB10423,3
AB10424,1
AB10425,2
AB10426,1
AB10427,1
AB10428,3
AB10429,2
AB10430,3
AB10431,1
AB10432,3
AB10433,1
AB10434,1
AB10435,3
AB10436,2
AB10437,1
AB10438,1
AB10439,1
AB10440,1
AB10441,3
AB10442,0
AB10443,2
AB10444,1
AB10445,0
AB10446,0
AB10447,1
AB10448,3
AB10449,0
AB10450,3
AB10451,0
AB10452,3
AB10453,1
AB10454,3
AB10455,3
AB10456,1
AB10457,3
AB10458,3
AB10459,1
AB10460,1
AB10461,0
AB10462,2
AB10463,2
AB10464,0
AB10465,1
AB10466,3
AB10467,0
AB10468,1
AB10469,3
AB10470,2
AB10471,3
AB10472,1
AB10473,3
AB10474,3
AB10475,3
AB10476,2
AB10477,1
AB10478,3
AB10479,0
AB10480,1
AB10481,3
AB10482,1
AB10483,2
AB10484,2
AB10485,0
AB10486,2
AB10487,3
AB10488,3
AB10489,2
AB10490,0
AB10491,2
AB10492,2
AB10493,3
AB10494,2
AB10495,2
AB10496,3
AB10497,1
AB10498,1
AB10499,1
AB10500,2
AB10501,0
AB10502,0
AB10503,3
AB10504,2
AB10505,0
AB10506,3
AB10507,3
AB10508,2
AB10509,0
AB10510,3
AB10511,0
AB10512,1
AB10513,1
AB10514,0
AB10515,2
AB10516,0
AB10517,3
AB10518,1
AB10519,3
AB10520,2
AB10521,3
AB10522,2
AB10523,2
AB10524,3
AB10525,1
AB10526,3
AB10527,3
AB10528,0
AB10529,3
AB10530,3
AB10531,3
AB10532,0
AB10533,2
AB10534,2
AB10535,2
AB10536,2
AB10537,1
AB10538,0
AB10539,3
AB10540,0
AB10541,3
AB10542,0
AB10543,2
AB10544,1
AB10545,2
AB10546,1
AB10547,3
AB10548,2
AB10549,3
AB10550,2
AB10551,0
AB10552,3
AB10553,3
AB10554,0
AB10555,0
AB10556,0
AB10557,3
AB10558,3
AB10559,3
AB10560,3
AB10561,0
AB10562,1
AB10563,2
AB10564,3
AB10565,3
AB10566,0
AB10567,1
AB10568,3
AB10569,1
AB10570,3
AB10571,3
AB10572,3
AB10573,1
AB10574,1
AB10575,0
AB10576,0
AB10577,2
AB10578,1
AB10579,1
AB10580,3
AB10581,3
AB10582,1
AB10583,3
AB10584,2
AB10585,1
AB10586,0
AB10587,3
AB10588,2
AB10589,1
AB10590,3
AB10591,3
AB10592,3
AB10593,3
AB10594,1
AB10595,3
AB10596,0
AB10597,3
AB10598,3
AB10599,3
AB10600,3
AB10601,2
AB10602,0
AB10603,1
AB10604,0
AB10605,1
AB10606,1
AB10607,1
AB10608,2
AB10609,3
AB10610,3
AB10611,2
AB10612,0
AB10613,0
AB10614,2
AB10615,3
AB10616,3
AB10617,3
AB10618,0
AB10619,0
AB10620,0
AB10621,3
AB10622,3
AB10623,3
AB10624,1
AB10625,3
AB10626,2
AB10627,2
AB10628,3
AB10629,3
AB10630,3
AB10631,3
AB10632,3
AB10633,3
AB10634,0
AB10635,3
AB10636,2
AB10637,0
AB10638,3
AB10639,0
AB10640,1
AB10641,0
AB10642,1
AB10643,1
AB10644,3
AB10645,1
AB10646,3
AB10647,3
AB10648,3
AB10649,3
AB10650,1
AB10651,1
AB10652,3
AB10653,0
AB10654,3
AB10655,1
AB10656,3
AB10657,3
AB10658,3
AB10659,3
AB10660,1
AB10661,1
AB10662,2
AB10663,0
AB10664,3
AB10665,1
AB10666,3
AB10667,3
AB10668,3
AB10669,2
AB10670,2
AB10671,3
AB10672,3
AB10673,1
AB10674,3
AB10675,3
AB10676,3
AB10677,3
AB10678,3
AB10679,2
AB10680,3
AB10681,3
AB10682,3
AB10683,1
AB10684,3
AB10685,3
AB10686,0
AB10687,1
AB10688,3
AB10689,1
AB10690,2
AB10691,3
AB10692,3
AB10693,3
AB10694,2
AB10695,2
AB10696,3
AB10697,1
AB10698,1
AB10699,2
AB10700,3
AB10701,3
AB10702,3
AB10703,3
AB10704,3
AB10705,2
AB10706,2
AB10707,3
AB10708,1
AB10709,1
AB10710,2
AB10711,3
AB10712,0
AB10713,3
AB10714,0
AB10715,1
AB10716,2
AB10717,0
AB10718,3
AB10719,0
AB10720,1
AB10721,3
AB10722,3
AB10723,2
AB10724,3
AB10725,3
AB10726,2
AB10727,2
AB10728,3
AB10729,1
AB10730,2
AB10731,3
AB10732,1
AB10733,3
AB10734,2
AB10735,2
AB10736,1
AB10737,3
AB10738,3
AB10739,2
AB10740,0
AB10741,3
AB10742,0
AB10743,0
AB10744,0
AB10745,2
AB10746,2
AB10747,1
AB10748,0
AB10749,3
AB10750,2
AB10751,0
AB10752,2
AB10753,3
AB10754,2
AB10755,2
AB10756,0
AB10757,3
AB10758,0
AB10759,2
AB10760,3
AB10761,1
AB10762,2
AB10763,0
AB10764,3
AB10765,3
AB10766,2
AB10767,2
AB10768,2
AB10769,3
AB10770,1
AB10771,1
AB10772,2
AB10773,1
AB10774,2
AB10775,2
AB10776,1
AB10777,1
AB10778,0
AB10779,2
AB10780,2
AB10781,0
AB10782,2
AB10783,0
AB10784,3
AB10785,1
AB10786,3
AB10787,1
AB10788,2
AB10789,0
AB10790,1
AB10791,0
AB10792,1
AB10793,3
AB10794,2
AB10795,1
AB10796,3
AB10797,1
AB10798,2
AB10799,1
AB10800,0
AB10801,1
AB10802,0
AB10803,0
AB10804,3
AB10805,1
AB10806,1
AB10807,0
AB10808,3
AB10809,0
AB10810,3
AB10811,1
AB10812,3
AB10813,0
AB10814,3
AB10815,3
AB10816,1
AB10817,3
AB10818,2
AB10819,2
AB10820,3
AB10821,2
AB10822,0
AB10823,2
AB10824,2
AB10825,3
AB10826,2
AB10827,3
AB10828,2
AB10829,3
AB10830,0
AB10831,3
AB10832,0
AB10833,0
AB10834,1
AB10835,3
AB10836,3
AB10837,0
AB10838,3
AB10839,3
AB10840,3
AB10841,0
AB10842,1
AB10843,2
AB10844,2
AB10845,1
AB10846,1
AB10847,0
AB10848,0
AB10849,3
AB10850,2
AB10851,3
AB10852,3
AB10853,2
AB10854,0
AB10855,3
AB10856,2
AB10857,1
AB10858,1
AB10859,0
AB10860,3
AB10861,0
AB10862,3
AB10863,0
AB10864,3
AB10865,1
AB10866,3
AB10867,3
AB10868,0
AB10869,0
AB10870,2
AB10871,1
AB10872,2
AB10873,2
AB10874,1
AB10875,3
AB10876,1
AB10877,1
AB10878,3
AB10879,3
AB10880,1
AB10881,0
AB10882,1
AB10883,3
AB10884,2
AB10885,3
AB10886,2
AB10887,1
AB10888,0
AB10889,1
AB10890,2
AB10891,3
AB10892,2
AB10893,1
AB10894,0
AB10895,3
AB10896,3
AB10897,0
AB10898,3
AB10899,2
AB10900,1
AB10901,2
AB10902,3
AB10903,2
AB10904,1
AB10905,3
AB10906,2
AB10907,3
AB10908,3
AB10909,2
AB10910,1
AB10911,3
AB10912,0
AB10913,3
AB10914,1
AB10915,3
AB10916,1
AB10917,1
AB10918,3
AB10919,3
AB10920,3
AB10921,3
AB10922,2
AB10923,0
AB10924,1
AB10925,2
AB10926,3
AB10927,3
AB10928,2
AB10929,1
AB10930,2
AB10931,0
AB10932,3
AB10933,3
AB10934,1
AB10935,2
AB10936,0
AB10937,1
AB10938,1
AB10939,2
AB10940,3
AB10941,2
AB10942,1
AB10943,3
AB10944,0
AB10945,0
AB10946,3
AB10947,1
AB10948,1
AB10949,2
AB10950,2
AB10951,3
AB10952,1
AB10953,1
AB10954,3
AB10955,1
AB10956,3
AB10957,3
AB10958,1
AB10959,2
AB10960,1
AB10961,3
AB10962,1
AB10963,0
AB10964,3
AB10965,3
AB10966,3
AB10967,3
AB10968,2
AB10969,0
AB10970,3
AB10971,2
AB10972,3
AB10973,2
AB10974,2
AB10975,3
AB10976,1
AB10977,3
AB10978,0
AB10979,2
AB10980,2
AB10981,0
AB10982,1
AB10983,1
AB10984,3
AB10985,1
AB10986,3
AB10987,2
AB10988,3
AB10989,2
AB10990,3
AB10991,1
AB10992,1
AB10993,3
AB10994,3
AB10995,3
AB10996,0
AB10997,1
AB10998,1
AB10999,3
AB11000,3
AB11001,3
AB11002,2
AB11003,3
AB11004,0
AB11005,0
AB11006,2
AB11007,2
AB11008,1
AB11009,0
AB11010,1
AB11011,2
AB11012,3
AB11013,0
AB11014,3
AB11015,2
AB11016,3
AB11017,1
AB11018,3
AB11019,0
AB11020,3
AB11021,1
AB11022,2
AB11023,1
AB11024,2
AB11025,0
AB11026,3
AB11027,0
AB11028,3
AB11029,2
AB11030,3
AB11031,3
AB11032,2
AB11033,1
AB11034,2
AB11035,0
AB11036,3
AB11037,1
AB11038,3
AB11039,2
AB11040,2
AB11041,2
AB11042,3
AB11043,1
AB11044,1
AB11045,2
AB11046,2
AB11047,3
AB11048,1
AB11049,1
AB11050,1
AB11051,2
AB11052,1
AB11053,0
AB11054,1
AB11055,0
AB11056,3
AB11057,3
AB11058,2
AB11059,3
AB11060,3
AB11061,3
AB11062,3
AB11063,3
AB11064,2
AB11065,3
AB11066,3
AB11067,3
AB11068,2
AB11069,1
AB11070,2
AB11071,3
AB11072,2
AB11073,2
AB11074,1
AB11075,3
AB11076,2
AB11077,1
AB11078,2
AB11079,3
AB11080,0
AB11081,3
AB11082,3
AB11083,3
AB11084,3
AB11085,2
AB11086,1
AB11087,0
AB11088,3
AB11089,0
AB11090,0
AB11091,3
AB11092,3
AB11093,1
AB11094,0
AB11095,0
AB11096,3
AB11097,2
AB11098,2
AB11099,2
AB11100,3
AB11101,3
AB11102,2
AB11103,1
AB11104,3
AB11105,1
AB11106,3
AB11107,0
AB11108,3
AB11109,3
AB11110,2
AB11111,3
AB11112,1
AB11113,3
AB11114,1
AB11115,1
AB11116,0
AB11117,3
AB11118,3
AB11119,3
AB11120,2
AB11121,3
AB11122,2
AB11123,3
AB11124,0
AB11125,0
AB11126,0
AB11127,3
AB11128,2
AB11129,3
AB11130,2
AB11131,3
AB11132,0
AB11133,3
AB11134,3
AB11135,1
AB11136,2
AB11137,0
AB11138,1
AB11139,1
AB11140,3
AB11141,1
AB11142,0
AB11143,1
AB11144,3
AB11145,3
AB11146,2
AB11147,3
AB11148,0
AB11149,3
AB11150,2
AB11151,0
AB11152,3
AB11153,0
AB11154,3
AB11155,3
AB11156,0
AB11157,3
AB11158,3
AB11159,3
AB11160,1
AB11161,0
AB11162,3
AB11163,3
AB11164,0
AB11165,3
AB11166,2
AB11167,0
AB11168,2
AB11169,3
AB11170,0
AB11171,2
AB11172,1
AB11173,3
AB11174,1
AB11175,0
AB11176,3
AB11177,1
AB11178,3
AB11179,1
AB11180,3
AB11181,3
AB11182,2
AB11183,1
AB11184,0
AB11185,3
AB11186,2
AB11187,3
AB11188,3
AB11189,3
AB11190,3
AB11191,0
AB11192,1
AB11193,1
AB11194,0
AB11195,3
AB11196,3
AB11197,3
AB11198,2
AB11199,3
AB11200,3
AB11201,3
AB11202,1
AB11203,3
AB11204,2
AB11205,1
AB11206,3
AB11207,1
AB11208,3
AB11209,3
AB11210,1
AB11211,1
AB11212,3
AB11213,3
AB11214,3
AB11215,3
AB11216,3
AB11217,3
AB11218,3
AB11219,0
AB11220,3
AB11221,3
AB11222,1
AB11223,2
AB11224,3
AB11225,1
AB11226,3
AB11227,2
AB11228,1
AB11229,1
AB11230,3
AB11231,0
AB11232,1
AB11233,1
AB11234,3
AB11235,2
AB11236,1
AB11237,1
AB11238,3
AB11239,0
AB11240,3
AB11241,3
AB11242,3
AB11243,2
AB11244,1
AB11245,0
AB11246,2
AB11247,2
AB11248,1
AB11249,1
AB11250,2
AB11251,1
AB11252,3
AB11253,1
AB11254,3
AB11255,1
AB11256,0
AB11257,3
AB11258,0
AB11259,3
AB11260,1
AB11261,1
AB11262,1
AB11263,3
AB11264,0
AB11265,3
AB11266,1
AB11267,0
AB11268,2
AB11269,1
AB11270,1
AB11271,1
AB11272,2
AB11273,3
AB11274,2
AB11275,3
AB11276,3
AB11277,3
AB11278,0
AB11279,1
AB11280,2
AB11281,0
AB11282,1
AB11283,1
AB11284,1
AB11285,3
AB11286,1
AB11287,1
AB11288,3
AB11289,2
AB11290,3
AB11291,3
AB11292,1
AB11293,3
AB11294,1
AB11295,2
AB11296,3
AB11297,2
AB11298,3
AB11299,3
AB11300,0
AB11301,2
AB11302,3
AB11303,3
AB11304,1
AB11305,1
AB11306,2
AB11307,0
AB11308,0
AB11309,3
AB11310,3
AB11311,3
AB11312,3
AB11313,1
AB11314,3
AB11315,3
AB11316,3
AB11317,1
AB11318,3
AB11319,1
AB11320,1
AB11321,2
AB11322,0
AB11323,1
AB11324,3
AB11325,3
AB11326,2
AB11327,1
AB11328,3
AB11329,3
AB11330,2
AB11331,1
AB11332,0
AB11333,0
AB11334,1
AB11335,1
AB11336,2
AB11337,0
AB11338,2
AB11339,3
AB11340,3
AB11341,1
AB11342,3
AB11343,0
AB11344,0
AB11345,1
AB11346,2
AB11347,1
AB11348,0
AB11349,0
AB11350,3
AB11351,2
AB11352,0
AB11353,0
AB11354,3
AB11355,1
AB11356,2
AB11357,1
AB11358,3
AB11359,2
AB11360,0
AB11361,1
AB11362,1
AB11363,1
AB11364,2
AB11365,3
AB11366,2
AB11367,3
AB11368,1
AB11369,2
AB11370,3
AB11371,3
AB11372,1
AB11373,1
AB11374,3
AB11375,2
AB11376,0
AB11377,0
AB11378,1
AB11379,2
AB11380,3
AB11381,3
AB11382,0
AB11383,3
AB11384,1
AB11385,3
AB11386,1
AB11387,3
AB11388,1
AB11389,3
AB11390,1
AB11391,0
AB11392,2
AB11393,2
AB11394,2
AB11395,0
AB11396,3
AB11397,3
AB11398,0
AB11399,3
AB11400,1
AB11401,3
AB11402,0
AB11403,2
AB11404,0
AB11405,0
AB11406,2
AB11407,3
AB11408,2
AB11409,2
AB11410,2
AB11411,2
AB11412,3
AB11413,3
AB11414,3
AB11415,1
AB11416,1
AB11417,3
AB11418,3
AB11419,1
AB11420,3
AB11421,1
AB11422,3
AB11423,3
AB11424,0
AB11425,3
AB11426,3
AB11427,2
AB11428,3
AB11429,3
AB11430,3
AB11431,0
AB11432,1
AB11433,0
AB11434,3
AB11435,1
AB11436,1
AB11437,1
AB11438,3
AB11439,0
AB11440,2
AB11441,3
AB11442,2
AB11443,3
AB11444,0
AB11445,3
AB11446,3
AB11447,3
AB11448,0
AB11449,3
AB11450,0
AB11451,1
AB11452,2
AB11453,2
AB11454,1
AB11455,3
AB11456,0
AB11457,0
AB11458,2
AB11459,1
AB11460,2
AB11461,3
AB11462,3
AB11463,2
AB11464,0
AB11465,3
AB11466,3
AB11467,3
AB11468,3
AB11469,3
AB11470,3
AB11471,2
AB11472,0
AB11473,3
AB11474,2
AB11475,3
AB11476,3
AB11477,3
AB11478,3
AB11479,3
AB11480,2
AB11481,0
AB11482,3
AB11483,1
AB11484,1
AB11485,0
AB11486,1
AB11487,2
AB11488,2
AB11489,1
AB11490,2
AB11491,2
AB11492,0
AB11493,2
AB11494,1
AB11495,3
AB11496,3
AB11497,2
AB11498,3
AB11499,3
AB11500,3
AB11501,2
AB11502,2
AB11503,0
AB11504,2
AB11505,1
AB11506,1
AB11507,2
AB11508,1
AB11509,3
AB11510,1
AB11511,3
AB11512,2
AB11513,0
AB11514,2
AB11515,2
AB11516,0
AB11517,2
AB11518,3
AB11519,1
AB11520,0
AB11521,3
AB11522,3
AB11523,3
AB11524,3
AB11525,1
AB11526,0
AB11527,2
AB11528,0
AB11529,0
AB11530,0
AB11531,0
AB11532,3
AB11533,2
AB11534,3
AB11535,3
AB11536,0
AB11537,2
AB11538,2
AB11539,1
AB11540,1
AB11541,0
AB11542,1
AB11543,2
AB11544,3
AB11545,3
AB11546,0
AB11547,1
AB11548,3
AB11549,2
AB11550,3
AB11551,3
AB11552,1
AB11553,0
AB11554,3
AB11555,1
AB11556,0
AB11557,0
AB11558,0
AB11559,2
AB11560,0
AB11561,2
AB11562,2
AB11563,1
AB11564,2
AB11565,0
AB11566,2
AB11567,3
AB11568,3
AB11569,0
AB11570,3
AB11571,3
AB11572,1
AB11573,1
AB11574,1
AB11575,3
AB11576,3
AB11577,1
AB11578,0
AB11579,1
AB11580,0
AB11581,0
AB11582,2
AB11583,3
AB11584,1
AB11585,2
AB11586,2
AB11587,3
AB11588,0
AB11589,2
AB11590,3
AB11591,1
AB11592,1
AB11593,1
AB11594,0
AB11595,3
AB11596,1
AB11597,3
AB11598,2
AB11599,3
AB11600,3
AB11601,3
AB11602,3
AB11603,3
AB11604,3
AB11605,1
AB11606,3
AB11607,1
AB11608,3
AB11609,0
AB11610,0
AB11611,1
AB11612,2
AB11613,3
AB11614,0
AB11615,0
AB11616,2
AB11617,1
AB11618,3
AB11619,2
AB11620,2
AB11621,0
AB11622,1
AB11623,3
AB11624,0
AB11625,2
AB11626,2
AB11627,1
AB11628,3
AB11629,0
AB11630,3
AB11631,1
AB11632,3
AB11633,3
AB11634,1
AB11635,1
AB11636,3
AB11637,2
AB11638,0
AB11639,3
AB11640,0
AB11641,3
AB11642,2
AB11643,3
AB11644,1
AB11645,0
AB11646,0
AB11647,1
AB11648,0
AB11649,3
AB11650,3
AB11651,1
AB11652,3
AB11653,3
AB11654,2
AB11655,2
AB11656,0
AB11657,3
AB11658,2
AB11659,3
AB11660,2
AB11661,3
AB11662,3
AB11663,1
AB11664,3
AB11665,0
AB11666,1
AB11667,1
AB11668,0
AB11669,2
AB11670,3
AB11671,1
AB11672,1
AB11673,1
AB11674,0
AB11675,1
AB11676,3
AB11677,1
AB11678,0
AB11679,3
AB11680,3
AB11681,3
AB11682,0
AB11683,2
AB11684,2
AB11685,3
AB11686,2
AB11687,2
AB11688,3
AB11689,2
AB11690,2
AB11691,1
AB11692,3
AB11693,2
AB11694,0
AB11695,3
AB11696,2
AB11697,3
AB11698,3
AB11699,0
AB11700,2
AB11701,1
AB11702,3
AB11703,3
AB11704,0
AB11705,0
AB11706,1
AB11707,1
AB11708,3
AB11709,2
AB11710,3
AB11711,3
AB11712,2
AB11713,0
AB11714,3
AB11715,3
AB11716,2
AB11717,0
AB11718,1
AB11719,2
AB11720,2
AB11721,3
AB11722,1
AB11723,2
AB11724,0
AB11725,3
AB11726,1
AB11727,1
AB11728,1
AB11729,0
AB11730,1
AB11731,0
AB11732,2
AB11733,2
AB11734,0
AB11735,2
AB11736,3
AB11737,2
AB11738,0
AB11739,3
AB11740,0
AB11741,3
AB11742,1
AB11743,1
AB11744,3
AB11745,0
AB11746,3
AB11747,1
AB11748,3
AB11749,2
AB11750,2
AB11751,2
AB11752,2
AB11753,3
AB11754,2
AB11755,2
AB11756,3
AB11757,1
AB11758,1
AB11759,0
AB11760,3
AB11761,2
AB11762,1
AB11763,3
AB11764,1
AB11765,3
AB11766,0
AB11767,1
AB11768,2
AB11769,3
AB11770,0
AB11771,0
AB11772,3
AB11773,1
AB11774,1
AB11775,0
AB11776,1
AB11777,3
AB11778,1
AB11779,2
AB11780,3
AB11781,0
AB11782,2
AB11783,0
AB11784,3
AB11785,0
AB11786,3
AB11787,3
AB11788,1
AB11789,0
AB11790,0
AB11791,2
AB11792,1
AB11793,2
AB11794,3
AB11795,2
AB11796,3
AB11797,0
AB11798,1
AB11799,1
AB11800,3
AB11801,0
AB11802,1
AB11803,3
AB11804,2
AB11805,3
AB11806,3
AB11807,0
AB11808,0
AB11809,1
AB11810,0
AB11811,1
AB11812,0
AB11813,3
AB11814,1
AB11815,2
AB11816,3
AB11817,0
AB11818,2
AB11819,2
AB11820,0
AB11821,2
AB11822,3
AB11823,0
AB11824,1
AB11825,2
AB11826,3
AB11827,0
AB11828,3
AB11829,2
AB11830,0
AB11831,1
AB11832,3
AB11833,3
AB11834,0
AB11835,0
AB11836,2
AB11837,1
AB11838,0
AB11839,0
AB11840,1
AB11841,1
AB11842,2
AB11843,1
AB11844,2
AB11845,3
AB11846,2
AB11847,1
AB11848,2
AB11849,1
AB11850,3
AB11851,2
AB11852,3
AB11853,1
AB11854,1
AB11855,0
AB11856,3
AB11857,2
AB11858,3
AB11859,2
AB11860,3
AB11861,2
AB11862,3
AB11863,0
AB11864,1
AB11865,2
AB11866,1
AB11867,0
AB11868,0
AB11869,1
AB11870,0
AB11871,0
AB11872,3
AB11873,0
AB11874,2
AB11875,2
AB11876,1
AB11877,2
AB11878,3
AB11879,2
AB11880,2
AB11881,3
AB11882,2
AB11883,2
AB11884,2
AB11885,1
AB11886,3
AB11887,0
AB11888,2
AB11889,2
AB11890,0
AB11891,3
AB11892,0
AB11893,1
AB11894,0
AB11895,3
AB11896,3
AB11897,2
AB11898,1
AB11899,1
AB11900,3
AB11901,3
AB11902,2
AB11903,3
AB11904,3
AB11905,1
AB11906,0
AB11907,2
AB11908,3
AB11909,2
AB11910,2
AB11911,3
AB11912,1
AB11913,1
AB11914,3
AB11915,2
AB11916,3
AB11917,2
AB11918,3
AB11919,0
AB11920,3
AB11921,2
AB11922,3
AB11923,3
AB11924,0
AB11925,1
AB11926,3
AB11927,3
AB11928,1
AB11929,1
AB11930,3
AB11931,3
AB11932,0
AB11933,1
AB11934,2
AB11935,3
AB11936,1
AB11937,2
AB11938,3
AB11939,0
AB11940,3
AB11941,1
AB11942,2
AB11943,2
AB11944,3
AB11945,3
AB11946,1
AB11947,0
AB11948,3
AB11949,0
AB11950,1
AB11951,3
AB11952,0
AB11953,2
AB11954,3
AB11955,3
AB11956,0
AB11957,3
AB11958,2
AB11959,0
AB11960,3
AB11961,3
AB11962,3
AB11963,2
AB11964,2
AB11965,3
AB11966,0
AB11967,2
AB11968,1
AB11969,3
AB11970,1
AB11971,1
AB11972,2
AB11973,3
AB11974,0
AB11975,3
AB11976,3
AB11977,1
AB11978,2
AB11979,0
AB11980,3
AB11981,1
AB11982,0
AB11983,0
AB11984,3
AB11985,1
AB11986,2
AB11987,3
AB11988,2
AB11989,0
AB11990,1
AB11991,3
AB11992,3
AB11993,3
AB11994,0
AB11995,2
AB11996,2
AB11997,2
AB11998,3
AB11999,1
AB12000,1
